season,coverage_pct,nan_pct,flat_values_events,flat_slopes_events
DJF,26.10198265931001,0.0035735344042024763,95,19
MAM,8.668817769106667,0.0,5,3
JJA,0.0,0.0,0,0
SON,9.329699805958224,0.04585753592173647,18,11
